49960.txt,1
51060.txt,1
51119.txt,1
51120.txt,1
51121.txt,1
51122.txt,1
51123.txt,1
51124.txt,1
51125.txt,1
51126.txt,1
51127.txt,1
51128.txt,1
51130.txt,1
51131.txt,1
51132.txt,1
51133.txt,1
51134.txt,1
51135.txt,1
51136.txt,1
51139.txt,1
51140.txt,1
51141.txt,1
51142.txt,1
51143.txt,1
51144.txt,1
51145.txt,1
51146.txt,1
51147.txt,1
51148.txt,1
51149.txt,1
51150.txt,1
51151.txt,1
51152.txt,1
51153.txt,1
51154.txt,1
51155.txt,1
51156.txt,1
51157.txt,1
51158.txt,1
51159.txt,1
51160.txt,1
51161.txt,1
51162.txt,1
51163.txt,1
51164.txt,1
51165.txt,1
51169.txt,1
51170.txt,1
51171.txt,1
51172.txt,1
51173.txt,1
51174.txt,1
51175.txt,1
51176.txt,1
51177.txt,1
51178.txt,1
51179.txt,1
51180.txt,1
51181.txt,1
51182.txt,1
51183.txt,1
51184.txt,1
51185.txt,1
51186.txt,1
51187.txt,1
51188.txt,1
51189.txt,1
51190.txt,1
51191.txt,1
51192.txt,1
51193.txt,1
51194.txt,1
51195.txt,1
51196.txt,1
51197.txt,1
51198.txt,1
51199.txt,1
51200.txt,1
51201.txt,1
51202.txt,1
51203.txt,1
51204.txt,1
51205.txt,1
51206.txt,1
51208.txt,1
51209.txt,1
51210.txt,1
51211.txt,1
51212.txt,1
51213.txt,1
51214.txt,1
51215.txt,1
51216.txt,1
51217.txt,1
51218.txt,1
51219.txt,1
51220.txt,1
51221.txt,1
51222.txt,1
51223.txt,1
51224.txt,1
51225.txt,1
51226.txt,1
51227.txt,1
51228.txt,1
51229.txt,1
51230.txt,1
51231.txt,1
51232.txt,1
51233.txt,1
51234.txt,1
51235.txt,1
51236.txt,1
51237.txt,1
51238.txt,1
51239.txt,1
51240.txt,1
51241.txt,1
51242.txt,1
51243.txt,1
51244.txt,1
51245.txt,1
51246.txt,1
51247.txt,1
51249.txt,1
51250.txt,1
51251.txt,1
51252.txt,1
51253.txt,1
51254.txt,1
51255.txt,1
51256.txt,1
51258.txt,1
51259.txt,1
51260.txt,1
51261.txt,1
51262.txt,1
51265.txt,1
51266.txt,1
51267.txt,1
51268.txt,1
51269.txt,1
51270.txt,1
51271.txt,1
51272.txt,1
51273.txt,1
51274.txt,1
51275.txt,1
51276.txt,1
51277.txt,1
51278.txt,1
51279.txt,1
51280.txt,1
51281.txt,1
51282.txt,1
51283.txt,1
51284.txt,1
51285.txt,1
51286.txt,1
51287.txt,1
51288.txt,1
51290.txt,1
51291.txt,1
51292.txt,1
51293.txt,1
51294.txt,1
51295.txt,1
51296.txt,1
51297.txt,1
51298.txt,1
51299.txt,1
51300.txt,1
51301.txt,1
51302.txt,1
51303.txt,1
51304.txt,1
51305.txt,1
51306.txt,1
51307.txt,1
51308.txt,1
51309.txt,1
51310.txt,1
51311.txt,1
51312.txt,1
51313.txt,1
51314.txt,1
51315.txt,1
51316.txt,1
51317.txt,1
51318.txt,1
51319.txt,1
51320.txt,1
52499.txt,1
52909.txt,1
52910.txt,1
53055.txt,1
53056.txt,1
53057.txt,1
53058.txt,1
53059.txt,1
53062.txt,1
53064.txt,1
53065.txt,1
53066.txt,1
53067.txt,1
53069.txt,1
53070.txt,1
53071.txt,1
53072.txt,1
53073.txt,1
53075.txt,1
53078.txt,1
53081.txt,1
53082.txt,1
53083.txt,1
53085.txt,1
53086.txt,1
53087.txt,1
53090.txt,1
53093.txt,1
53094.txt,1
53095.txt,1
53096.txt,1
53097.txt,1
53098.txt,1
53099.txt,1
53106.txt,1
53108.txt,1
53110.txt,1
53111.txt,1
53112.txt,1
53113.txt,1
53114.txt,1
53117.txt,1
53118.txt,1
53120.txt,1
53121.txt,1
53122.txt,1
53123.txt,1
53124.txt,1
53125.txt,1
53126.txt,1
53127.txt,1
53130.txt,1
53131.txt,1
53132.txt,1
53133.txt,1
53134.txt,1
53135.txt,1
53136.txt,1
53137.txt,1
53139.txt,1
53140.txt,1
53141.txt,1
53142.txt,1
53143.txt,1
53144.txt,1
53145.txt,1
53149.txt,1
53150.txt,1
53151.txt,1
53153.txt,1
53154.txt,1
53157.txt,1
53158.txt,1
53159.txt,1
53160.txt,1
53161.txt,1
53162.txt,1
53163.txt,1
53164.txt,1
53165.txt,1
53166.txt,1
53167.txt,1
53168.txt,1
53170.txt,1
53171.txt,1
53172.txt,1
53173.txt,1
53174.txt,1
53175.txt,1
53176.txt,1
53177.txt,1
53178.txt,1
53179.txt,1
53180.txt,1
53181.txt,1
53182.txt,1
53183.txt,1
53184.txt,1
53185.txt,1
53186.txt,1
53187.txt,1
53188.txt,1
53190.txt,1
53191.txt,1
53192.txt,1
53193.txt,1
53194.txt,1
53195.txt,1
53196.txt,1
53197.txt,1
53198.txt,1
53199.txt,1
53201.txt,1
53203.txt,1
53208.txt,1
53209.txt,1
53210.txt,1
53211.txt,1
53212.txt,1
53213.txt,1
53214.txt,1
53215.txt,1
53216.txt,1
53217.txt,1
53218.txt,1
53219.txt,1
53220.txt,1
53221.txt,1
53222.txt,1
53223.txt,1
53224.txt,1
53225.txt,1
53226.txt,1
53228.txt,1
53229.txt,1
53230.txt,1
53231.txt,1
53232.txt,1
53235.txt,1
53237.txt,1
53238.txt,1
53239.txt,1
53240.txt,1
53243.txt,1
53248.txt,1
53249.txt,1
53250.txt,1
53251.txt,1
53252.txt,1
53256.txt,1
53258.txt,1
53266.txt,1
53267.txt,1
53269.txt,1
53271.txt,1
53274.txt,1
53275.txt,1
53281.txt,1
53282.txt,1
53283.txt,1
53284.txt,1
53285.txt,1
53286.txt,1
53287.txt,1
53288.txt,1
53289.txt,1
53290.txt,1
53292.txt,1
53298.txt,1
53303.txt,1
53304.txt,1
53305.txt,1
53306.txt,1
53307.txt,1
53308.txt,1
53309.txt,1
53311.txt,1
53312.txt,1
53314.txt,1
53323.txt,1
53334.txt,1
53347.txt,1
53351.txt,1
53366.txt,1
53370.txt,1
53371.txt,1
53373.txt,1
53374.txt,1
53375.txt,1
53376.txt,1
53377.txt,1
53380.txt,1
53381.txt,1
53382.txt,1
53383.txt,1
53387.txt,1
53389.txt,1
53390.txt,1
53391.txt,1
53434.txt,1
53435.txt,1
53436.txt,1
53437.txt,1
53438.txt,1
53439.txt,1
53440.txt,1
53441.txt,1
53442.txt,1
53443.txt,1
53445.txt,1
53449.txt,1
53459.txt,1
53460.txt,1
53465.txt,1
53466.txt,1
53467.txt,1
53471.txt,1
53477.txt,1
53478.txt,1
53483.txt,1
53509.txt,1
53510.txt,1
53512.txt,1
53515.txt,1
53518.txt,1
53519.txt,1
54166.txt,1
54167.txt,1
54168.txt,1
54178.txt,1
54179.txt,1
54201.txt,1
54202.txt,1
54203.txt,1
54204.txt,1
54227.txt,1
54228.txt,1
54470.txt,1
54471.txt,1
54472.txt,1
54473.txt,1
101725.txt,2
102616.txt,2
103117.txt,2
103118.txt,2
103119.txt,2
103120.txt,2
103121.txt,2
103122.txt,2
103123.txt,2
103124.txt,2
103125.txt,2
103126.txt,2
103127.txt,2
103128.txt,2
103129.txt,2
103130.txt,2
103131.txt,2
103132.txt,2
103133.txt,2
103134.txt,2
103135.txt,2
103136.txt,2
103137.txt,2
103138.txt,2
103139.txt,2
103140.txt,2
103141.txt,2
103142.txt,2
103143.txt,2
103144.txt,2
103145.txt,2
103146.txt,2
103147.txt,2
103148.txt,2
103149.txt,2
103150.txt,2
103151.txt,2
103152.txt,2
103153.txt,2
103154.txt,2
103155.txt,2
103156.txt,2
103157.txt,2
103158.txt,2
103159.txt,2
103160.txt,2
103161.txt,2
103162.txt,2
103163.txt,2
103164.txt,2
103165.txt,2
103166.txt,2
103167.txt,2
103168.txt,2
103169.txt,2
103170.txt,2
103171.txt,2
103172.txt,2
103173.txt,2
103174.txt,2
103175.txt,2
103176.txt,2
103177.txt,2
103178.txt,2
103179.txt,2
103180.txt,2
103181.txt,2
103182.txt,2
103183.txt,2
103184.txt,2
103185.txt,2
103186.txt,2
103187.txt,2
103188.txt,2
103189.txt,2
103190.txt,2
103191.txt,2
103192.txt,2
103193.txt,2
103194.txt,2
103195.txt,2
103196.txt,2
103197.txt,2
103198.txt,2
103199.txt,2
103200.txt,2
103201.txt,2
103202.txt,2
103203.txt,2
103204.txt,2
103205.txt,2
103206.txt,2
103207.txt,2
103208.txt,2
103209.txt,2
103210.txt,2
103211.txt,2
103212.txt,2
103213.txt,2
103214.txt,2
103215.txt,2
103216.txt,2
103217.txt,2
103218.txt,2
103219.txt,2
103220.txt,2
103221.txt,2
103222.txt,2
103223.txt,2
103224.txt,2
103225.txt,2
103226.txt,2
103227.txt,2
103228.txt,2
103229.txt,2
103230.txt,2
103231.txt,2
103232.txt,2
103233.txt,2
103234.txt,2
103235.txt,2
103236.txt,2
103237.txt,2
103238.txt,2
103239.txt,2
103240.txt,2
103241.txt,2
103242.txt,2
103553.txt,2
103893.txt,2
104091.txt,2
104158.txt,2
104159.txt,2
104282.txt,2
104283.txt,2
104284.txt,2
104285.txt,2
104286.txt,2
104287.txt,2
104288.txt,2
104289.txt,2
104290.txt,2
104291.txt,2
104292.txt,2
104293.txt,2
104294.txt,2
104295.txt,2
104296.txt,2
104297.txt,2
104298.txt,2
104299.txt,2
104300.txt,2
104301.txt,2
104302.txt,2
104303.txt,2
104304.txt,2
104305.txt,2
104306.txt,2
104307.txt,2
104308.txt,2
104309.txt,2
104310.txt,2
104311.txt,2
104312.txt,2
104313.txt,2
104314.txt,2
104315.txt,2
104316.txt,2
104317.txt,2
104318.txt,2
104319.txt,2
104320.txt,2
104321.txt,2
104322.txt,2
104323.txt,2
104324.txt,2
104325.txt,2
104326.txt,2
104327.txt,2
104328.txt,2
104329.txt,2
104330.txt,2
104331.txt,2
104332.txt,2
104333.txt,2
104334.txt,2
104335.txt,2
104336.txt,2
104337.txt,2
104338.txt,2
104339.txt,2
104340.txt,2
104341.txt,2
104342.txt,2
104343.txt,2
104344.txt,2
104345.txt,2
104346.txt,2
104347.txt,2
104348.txt,2
104349.txt,2
104350.txt,2
104351.txt,2
104352.txt,2
104353.txt,2
104354.txt,2
104355.txt,2
104356.txt,2
104357.txt,2
104358.txt,2
104359.txt,2
104360.txt,2
104361.txt,2
104362.txt,2
104363.txt,2
104364.txt,2
104365.txt,2
104366.txt,2
104367.txt,2
104368.txt,2
104369.txt,2
104370.txt,2
104371.txt,2
104372.txt,2
104373.txt,2
104374.txt,2
104375.txt,2
104376.txt,2
104377.txt,2
104378.txt,2
104379.txt,2
104380.txt,2
104381.txt,2
104382.txt,2
104383.txt,2
104384.txt,2
104385.txt,2
104386.txt,2
104387.txt,2
104388.txt,2
104389.txt,2
104390.txt,2
104391.txt,2
104392.txt,2
104393.txt,2
104394.txt,2
104395.txt,2
104396.txt,2
104397.txt,2
104398.txt,2
104399.txt,2
104400.txt,2
104401.txt,2
104402.txt,2
104403.txt,2
104404.txt,2
104405.txt,2
104406.txt,2
104407.txt,2
104408.txt,2
104409.txt,2
104410.txt,2
104411.txt,2
104412.txt,2
104413.txt,2
104414.txt,2
104415.txt,2
104416.txt,2
104417.txt,2
104418.txt,2
104419.txt,2
104420.txt,2
104421.txt,2
104422.txt,2
104423.txt,2
104424.txt,2
104425.txt,2
104426.txt,2
104427.txt,2
104428.txt,2
104429.txt,2
104430.txt,2
104431.txt,2
104432.txt,2
104433.txt,2
104434.txt,2
104435.txt,2
104436.txt,2
104437.txt,2
104438.txt,2
104439.txt,2
104440.txt,2
104441.txt,2
104442.txt,2
104443.txt,2
104444.txt,2
104445.txt,2
104446.txt,2
104447.txt,2
104448.txt,2
104449.txt,2
104450.txt,2
104451.txt,2
104452.txt,2
104453.txt,2
104454.txt,2
104455.txt,2
104456.txt,2
104457.txt,2
104458.txt,2
104459.txt,2
104460.txt,2
104461.txt,2
104462.txt,2
104463.txt,2
104464.txt,2
104465.txt,2
104466.txt,2
104467.txt,2
104468.txt,2
104469.txt,2
104470.txt,2
104471.txt,2
104472.txt,2
104473.txt,2
104474.txt,2
104475.txt,2
104476.txt,2
104477.txt,2
104478.txt,2
104479.txt,2
104480.txt,2
104481.txt,2
104482.txt,2
104483.txt,2
104484.txt,2
104485.txt,2
104486.txt,2
104487.txt,2
104488.txt,2
104489.txt,2
104490.txt,2
104491.txt,2
104492.txt,2
104493.txt,2
104494.txt,2
104495.txt,2
104496.txt,2
104497.txt,2
104498.txt,2
104499.txt,2
104500.txt,2
104501.txt,2
104502.txt,2
104503.txt,2
104506.txt,2
104507.txt,2
104508.txt,2
104509.txt,2
104510.txt,2
104511.txt,2
104512.txt,2
104513.txt,2
104514.txt,2
104515.txt,2
104516.txt,2
104517.txt,2
104518.txt,2
104519.txt,2
104520.txt,2
104521.txt,2
104522.txt,2
104523.txt,2
104524.txt,2
104525.txt,2
104526.txt,2
104527.txt,2
104528.txt,2
104529.txt,2
104530.txt,2
104531.txt,2
104532.txt,2
104533.txt,2
104534.txt,2
104535.txt,2
104536.txt,2
104537.txt,2
104538.txt,2
104539.txt,2
104540.txt,2
104541.txt,2
104542.txt,2
104543.txt,2
104544.txt,2
104545.txt,2
104546.txt,2
104547.txt,2
104548.txt,2
104549.txt,2
104550.txt,2
104551.txt,2
104552.txt,2
104553.txt,2
104554.txt,2
104555.txt,2
104556.txt,2
104557.txt,2
104558.txt,2
104559.txt,2
104560.txt,2
104561.txt,2
104562.txt,2
104563.txt,2
104564.txt,2
104565.txt,2
104566.txt,2
104567.txt,2
104568.txt,2
104569.txt,2
104571.txt,2
104572.txt,2
104573.txt,2
104574.txt,2
104575.txt,2
104576.txt,2
104577.txt,2
104578.txt,2
104579.txt,2
104580.txt,2
104581.txt,2
104582.txt,2
104583.txt,2
104584.txt,2
104585.txt,2
104586.txt,2
104587.txt,2
104588.txt,2
104589.txt,2
104590.txt,2
104591.txt,2
104592.txt,2
104593.txt,2
104594.txt,2
104595.txt,2
104596.txt,2
104597.txt,2
104598.txt,2
104599.txt,2
104600.txt,2
104601.txt,2
104602.txt,2
104603.txt,2
104604.txt,2
104605.txt,2
104606.txt,2
104607.txt,2
104608.txt,2
104609.txt,2
104610.txt,2
104611.txt,2
104612.txt,2
104613.txt,2
104615.txt,2
104616.txt,2
104617.txt,2
104618.txt,2
104619.txt,2
104620.txt,2
104621.txt,2
104622.txt,2
104623.txt,2
104624.txt,2
104625.txt,2
104626.txt,2
104627.txt,2
104628.txt,2
104629.txt,2
104630.txt,2
104632.txt,2
104633.txt,2
104634.txt,2
104635.txt,2
104636.txt,2
104637.txt,2
104639.txt,2
104640.txt,2
104641.txt,2
104642.txt,2
104643.txt,2
104644.txt,2
104645.txt,2
104646.txt,2
104647.txt,2
104648.txt,2
104649.txt,2
104650.txt,2
104651.txt,2
104652.txt,2
104653.txt,2
104654.txt,2
104655.txt,2
104656.txt,2
104658.txt,2
104661.txt,2
104662.txt,2
104663.txt,2
104664.txt,2
104665.txt,2
104666.txt,2
104667.txt,2
104668.txt,2
104669.txt,2
104696.txt,2
104705.txt,2
104706.txt,2
104707.txt,2
104708.txt,2
104709.txt,2
104710.txt,2
104711.txt,2
104712.txt,2
104713.txt,2
104714.txt,2
104715.txt,2
104716.txt,2
104717.txt,2
104718.txt,2
104719.txt,2
104720.txt,2
104721.txt,2
104722.txt,2
104723.txt,2
104724.txt,2
104725.txt,2
104726.txt,2
104727.txt,2
104728.txt,2
104729.txt,2
104730.txt,2
104774.txt,2
104775.txt,2
104776.txt,2
104787.txt,2
104788.txt,2
104789.txt,2
104790.txt,2
104791.txt,2
104792.txt,2
104793.txt,2
104794.txt,2
104795.txt,2
104796.txt,2
104797.txt,2
104798.txt,2
104803.txt,2
104804.txt,2
104805.txt,2
104806.txt,2
104814.txt,2
104841.txt,2
104851.txt,2
104852.txt,2
104878.txt,2
104879.txt,2
104898.txt,2
104924.txt,2
104925.txt,2
104933.txt,2
104934.txt,2
104942.txt,2
104943.txt,2
104944.txt,2
104945.txt,2
104946.txt,2
104947.txt,2
104956.txt,2
104957.txt,2
104958.txt,2
104959.txt,2
104960.txt,2
104961.txt,2
104962.txt,2
104963.txt,2
104977.txt,2
104986.txt,2
105052.txt,2
105064.txt,2
105065.txt,2
105077.txt,2
105094.txt,2
105095.txt,2
105096.txt,2
105097.txt,2
105131.txt,2
105381.txt,2
105661.txt,2
105662.txt,2
72052.txt,2
70337.txt,3
74150.txt,3
74720.txt,3
74721.txt,3
74722.txt,3
74724.txt,3
74725.txt,3
74727.txt,3
74728.txt,3
74729.txt,3
74730.txt,3
74731.txt,3
74732.txt,3
74733.txt,3
74734.txt,3
74735.txt,3
74736.txt,3
74737.txt,3
74738.txt,3
74739.txt,3
74740.txt,3
74741.txt,3
74742.txt,3
74743.txt,3
74744.txt,3
74745.txt,3
74746.txt,3
74747.txt,3
74748.txt,3
74749.txt,3
74750.txt,3
74751.txt,3
74752.txt,3
74753.txt,3
74754.txt,3
74755.txt,3
74756.txt,3
74757.txt,3
74758.txt,3
74759.txt,3
74760.txt,3
74761.txt,3
74762.txt,3
74763.txt,3
74764.txt,3
74765.txt,3
74766.txt,3
74767.txt,3
74769.txt,3
74770.txt,3
74771.txt,3
74772.txt,3
74773.txt,3
74774.txt,3
74775.txt,3
74776.txt,3
74777.txt,3
74779.txt,3
74780.txt,3
74781.txt,3
74782.txt,3
74783.txt,3
74784.txt,3
74785.txt,3
74786.txt,3
74787.txt,3
74788.txt,3
74789.txt,3
74790.txt,3
74791.txt,3
74792.txt,3
74793.txt,3
74794.txt,3
74795.txt,3
74796.txt,3
74797.txt,3
74798.txt,3
74799.txt,3
74800.txt,3
74801.txt,3
74802.txt,3
74803.txt,3
74804.txt,3
74805.txt,3
74806.txt,3
74807.txt,3
74808.txt,3
74809.txt,3
74810.txt,3
74811.txt,3
74812.txt,3
74813.txt,3
74814.txt,3
74815.txt,3
74816.txt,3
74817.txt,3
74818.txt,3
74820.txt,3
74821.txt,3
74822.txt,3
74823.txt,3
74824.txt,3
74825.txt,3
74826.txt,3
74827.txt,3
74828.txt,3
74829.txt,3
74830.txt,3
74831.txt,3
75051.txt,3
75842.txt,3
75843.txt,3
75844.txt,3
75845.txt,3
75846.txt,3
75847.txt,3
75848.txt,3
75849.txt,3
75850.txt,3
75851.txt,3
75852.txt,3
75853.txt,3
75854.txt,3
75855.txt,3
75856.txt,3
75857.txt,3
75858.txt,3
75859.txt,3
75860.txt,3
75861.txt,3
75862.txt,3
75863.txt,3
75864.txt,3
75865.txt,3
75866.txt,3
75867.txt,3
75868.txt,3
75869.txt,3
75870.txt,3
75871.txt,3
75872.txt,3
75873.txt,3
75874.txt,3
75875.txt,3
75876.txt,3
75877.txt,3
75878.txt,3
75879.txt,3
75880.txt,3
75881.txt,3
75882.txt,3
75883.txt,3
75884.txt,3
75885.txt,3
75886.txt,3
75887.txt,3
75888.txt,3
75889.txt,3
75890.txt,3
75891.txt,3
75892.txt,3
75893.txt,3
75894.txt,3
75895.txt,3
75896.txt,3
75897.txt,3
75898.txt,3
75899.txt,3
75900.txt,3
75901.txt,3
75902.txt,3
75903.txt,3
75904.txt,3
75905.txt,3
75906.txt,3
75907.txt,3
75908.txt,3
75909.txt,3
75910.txt,3
75911.txt,3
75912.txt,3
75913.txt,3
75914.txt,3
75915.txt,3
75916.txt,3
75917.txt,3
75918.txt,3
75919.txt,3
75920.txt,3
75921.txt,3
75922.txt,3
75923.txt,3
75924.txt,3
75925.txt,3
75926.txt,3
75927.txt,3
75928.txt,3
75929.txt,3
75930.txt,3
75931.txt,3
75932.txt,3
75933.txt,3
75934.txt,3
75935.txt,3
75936.txt,3
75937.txt,3
75938.txt,3
75939.txt,3
75940.txt,3
75941.txt,3
75942.txt,3
75943.txt,3
75944.txt,3
75945.txt,3
75946.txt,3
75947.txt,3
75948.txt,3
75949.txt,3
75950.txt,3
75951.txt,3
75952.txt,3
75953.txt,3
75954.txt,3
75955.txt,3
75956.txt,3
75957.txt,3
75958.txt,3
75959.txt,3
75960.txt,3
75961.txt,3
75962.txt,3
75963.txt,3
75964.txt,3
75965.txt,3
75966.txt,3
75967.txt,3
75968.txt,3
75969.txt,3
75970.txt,3
75971.txt,3
75972.txt,3
75973.txt,3
75974.txt,3
75975.txt,3
75976.txt,3
75977.txt,3
75978.txt,3
75979.txt,3
75980.txt,3
75981.txt,3
75982.txt,3
75983.txt,3
75984.txt,3
75985.txt,3
75986.txt,3
75987.txt,3
75989.txt,3
75990.txt,3
75991.txt,3
75992.txt,3
75993.txt,3
75994.txt,3
75995.txt,3
75996.txt,3
75997.txt,3
75998.txt,3
75999.txt,3
76000.txt,3
76001.txt,3
76002.txt,3
76003.txt,3
76004.txt,3
76005.txt,3
76006.txt,3
76007.txt,3
76008.txt,3
76009.txt,3
76010.txt,3
76011.txt,3
76012.txt,3
76013.txt,3
76014.txt,3
76015.txt,3
76016.txt,3
76017.txt,3
76018.txt,3
76019.txt,3
76020.txt,3
76021.txt,3
76022.txt,3
76023.txt,3
76024.txt,3
76025.txt,3
76026.txt,3
76027.txt,3
76028.txt,3
76029.txt,3
76030.txt,3
76031.txt,3
76032.txt,3
76033.txt,3
76034.txt,3
76035.txt,3
76036.txt,3
76037.txt,3
76038.txt,3
76039.txt,3
76040.txt,3
76041.txt,3
76042.txt,3
76043.txt,3
76044.txt,3
76045.txt,3
76046.txt,3
76047.txt,3
76048.txt,3
76049.txt,3
76050.txt,3
76051.txt,3
76052.txt,3
76053.txt,3
76054.txt,3
76055.txt,3
76056.txt,3
76057.txt,3
76058.txt,3
76060.txt,3
76061.txt,3
76062.txt,3
76063.txt,3
76064.txt,3
76065.txt,3
76066.txt,3
76067.txt,3
76068.txt,3
76069.txt,3
76070.txt,3
76071.txt,3
76072.txt,3
76073.txt,3
76074.txt,3
76075.txt,3
76076.txt,3
76077.txt,3
76078.txt,3
76079.txt,3
76080.txt,3
76081.txt,3
76082.txt,3
76083.txt,3
76084.txt,3
76086.txt,3
76087.txt,3
76088.txt,3
76089.txt,3
76090.txt,3
76091.txt,3
76092.txt,3
76093.txt,3
76094.txt,3
76095.txt,3
76096.txt,3
76097.txt,3
76098.txt,3
76099.txt,3
76100.txt,3
76101.txt,3
76103.txt,3
76104.txt,3
76105.txt,3
76107.txt,3
76108.txt,3
76109.txt,3
76110.txt,3
76111.txt,3
76112.txt,3
76113.txt,3
76114.txt,3
76132.txt,3
76133.txt,3
76134.txt,3
76135.txt,3
76136.txt,3
76137.txt,3
76138.txt,3
76139.txt,3
76140.txt,3
76141.txt,3
76142.txt,3
76143.txt,3
76144.txt,3
76145.txt,3
76146.txt,3
76147.txt,3
76148.txt,3
76149.txt,3
76150.txt,3
76151.txt,3
76152.txt,3
76153.txt,3
76154.txt,3
76155.txt,3
76156.txt,3
76157.txt,3
76158.txt,3
76160.txt,3
76161.txt,3
76162.txt,3
76163.txt,3
76164.txt,3
76165.txt,3
76167.txt,3
76168.txt,3
76169.txt,3
76170.txt,3
76171.txt,3
76172.txt,3
76173.txt,3
76174.txt,3
76175.txt,3
76176.txt,3
76177.txt,3
76178.txt,3
76179.txt,3
76180.txt,3
76181.txt,3
76182.txt,3
76183.txt,3
76185.txt,3
76186.txt,3
76187.txt,3
76190.txt,3
76192.txt,3
76193.txt,3
76194.txt,3
76209.txt,3
76210.txt,3
76211.txt,3
76212.txt,3
76213.txt,3
76214.txt,3
76216.txt,3
76217.txt,3
76218.txt,3
76219.txt,3
76220.txt,3
76221.txt,3
76222.txt,3
76223.txt,3
76224.txt,3
76225.txt,3
76226.txt,3
76227.txt,3
76228.txt,3
76229.txt,3
76237.txt,3
76264.txt,3
76268.txt,3
76270.txt,3
76271.txt,3
76277.txt,3
76280.txt,3
76281.txt,3
76282.txt,3
76283.txt,3
76284.txt,3
76285.txt,3
76286.txt,3
76287.txt,3
76288.txt,3
76289.txt,3
76290.txt,3
76291.txt,3
76292.txt,3
76293.txt,3
76294.txt,3
76295.txt,3
76296.txt,3
76298.txt,3
76299.txt,3
76300.txt,3
76305.txt,3
76315.txt,3
76316.txt,3
76317.txt,3
76319.txt,3
76328.txt,3
76329.txt,3
76330.txt,3
76331.txt,3
76333.txt,3
76335.txt,3
76336.txt,3
76337.txt,3
76338.txt,3
76346.txt,3
76347.txt,3
76348.txt,3
76349.txt,3
76353.txt,3
76355.txt,3
76356.txt,3
76365.txt,3
76366.txt,3
76367.txt,3
76372.txt,3
76373.txt,3
76378.txt,3
76391.txt,3
76393.txt,3
76394.txt,3
76395.txt,3
76396.txt,3
76406.txt,3
76415.txt,3
76416.txt,3
76417.txt,3
76431.txt,3
76432.txt,3
76433.txt,3
76434.txt,3
76435.txt,3
76436.txt,3
76437.txt,3
76440.txt,3
76444.txt,3
76446.txt,3
76460.txt,3
76461.txt,3
76462.txt,3
76469.txt,3
76471.txt,3
76474.txt,3
76479.txt,3
76480.txt,3
76483.txt,3
76484.txt,3
76485.txt,3
76486.txt,3
76488.txt,3
76490.txt,3
76491.txt,3
76492.txt,3
76495.txt,3
76496.txt,3
76497.txt,3
76499.txt,3
76505.txt,3
76506.txt,3
76507.txt,3
76508.txt,3
76509.txt,3
76511.txt,3
76512.txt,3
76513.txt,3
76514.txt,3
76515.txt,3
76516.txt,3
76517.txt,3
76518.txt,3
76519.txt,3
76520.txt,3
76521.txt,3
76546.txt,3
76547.txt,3
76548.txt,3
76552.txt,3
76562.txt,3
76574.txt,3
76575.txt,3
76576.txt,3
76579.txt,3
76580.txt,3
76596.txt,3
76675.txt,3
76742.txt,3
76743.txt,3
76745.txt,3
76789.txt,3
76790.txt,3
76791.txt,3
76798.txt,3
76799.txt,3
76939.txt,3
77056.txt,3
52550.txt,4
52551.txt,4
52552.txt,4
52553.txt,4
52554.txt,4
52555.txt,4
52556.txt,4
52557.txt,4
52558.txt,4
52559.txt,4
52560.txt,4
52561.txt,4
52562.txt,4
52563.txt,4
52564.txt,4
52565.txt,4
52566.txt,4
52567.txt,4
52568.txt,4
52569.txt,4
52570.txt,4
52571.txt,4
52572.txt,4
52573.txt,4
52574.txt,4
52575.txt,4
52576.txt,4
52577.txt,4
52578.txt,4
52579.txt,4
52580.txt,4
52581.txt,4
52582.txt,4
52583.txt,4
52584.txt,4
52585.txt,4
52586.txt,4
52587.txt,4
52588.txt,4
52589.txt,4
52590.txt,4
52591.txt,4
52592.txt,4
52593.txt,4
52594.txt,4
52595.txt,4
52596.txt,4
52597.txt,4
52598.txt,4
52599.txt,4
52600.txt,4
52601.txt,4
52602.txt,4
52603.txt,4
52604.txt,4
52605.txt,4
52606.txt,4
52607.txt,4
52608.txt,4
52609.txt,4
52610.txt,4
52611.txt,4
52612.txt,4
52613.txt,4
52614.txt,4
52615.txt,4
52616.txt,4
52617.txt,4
52618.txt,4
52619.txt,4
52620.txt,4
52621.txt,4
52622.txt,4
52623.txt,4
52624.txt,4
52625.txt,4
52626.txt,4
52627.txt,4
52628.txt,4
52629.txt,4
52630.txt,4
52631.txt,4
52632.txt,4
52633.txt,4
52634.txt,4
52635.txt,4
52636.txt,4
52637.txt,4
52638.txt,4
52639.txt,4
52640.txt,4
52641.txt,4
52642.txt,4
52643.txt,4
52644.txt,4
52645.txt,4
52646.txt,4
52647.txt,4
52648.txt,4
52649.txt,4
52650.txt,4
52651.txt,4
52652.txt,4
52653.txt,4
52654.txt,4
52655.txt,4
52656.txt,4
52657.txt,4
52658.txt,4
52659.txt,4
52660.txt,4
52661.txt,4
52662.txt,4
52663.txt,4
52664.txt,4
52665.txt,4
52666.txt,4
52667.txt,4
52668.txt,4
52669.txt,4
53468.txt,4
53521.txt,4
53522.txt,4
53523.txt,4
53524.txt,4
53525.txt,4
53526.txt,4
53527.txt,4
53528.txt,4
53529.txt,4
53530.txt,4
53531.txt,4
53532.txt,4
53533.txt,4
53534.txt,4
53535.txt,4
53536.txt,4
53537.txt,4
53538.txt,4
53539.txt,4
53540.txt,4
53541.txt,4
53542.txt,4
53543.txt,4
53544.txt,4
53545.txt,4
53546.txt,4
53547.txt,4
53548.txt,4
53549.txt,4
53550.txt,4
53551.txt,4
53552.txt,4
53553.txt,4
53554.txt,4
53555.txt,4
53556.txt,4
53557.txt,4
53558.txt,4
53559.txt,4
53560.txt,4
53561.txt,4
53562.txt,4
53563.txt,4
53564.txt,4
53565.txt,4
53566.txt,4
53567.txt,4
53568.txt,4
53569.txt,4
53570.txt,4
53571.txt,4
53572.txt,4
53573.txt,4
53574.txt,4
53575.txt,4
53576.txt,4
53577.txt,4
53578.txt,4
53579.txt,4
53580.txt,4
53581.txt,4
53582.txt,4
53583.txt,4
53584.txt,4
53585.txt,4
53586.txt,4
53587.txt,4
53588.txt,4
53589.txt,4
53590.txt,4
53591.txt,4
53592.txt,4
53593.txt,4
53594.txt,4
53595.txt,4
53596.txt,4
53597.txt,4
53598.txt,4
53599.txt,4
53600.txt,4
53601.txt,4
53602.txt,4
53603.txt,4
53604.txt,4
53605.txt,4
53606.txt,4
53607.txt,4
53608.txt,4
53609.txt,4
53610.txt,4
53611.txt,4
53612.txt,4
53613.txt,4
53614.txt,4
53615.txt,4
53616.txt,4
53617.txt,4
53618.txt,4
53619.txt,4
53620.txt,4
53621.txt,4
53622.txt,4
53623.txt,4
53624.txt,4
53625.txt,4
53626.txt,4
53627.txt,4
53628.txt,4
53629.txt,4
53630.txt,4
53631.txt,4
53632.txt,4
53633.txt,4
53634.txt,4
53635.txt,4
53636.txt,4
53637.txt,4
53638.txt,4
53639.txt,4
53640.txt,4
53641.txt,4
53642.txt,4
53643.txt,4
53644.txt,4
53645.txt,4
53646.txt,4
53647.txt,4
53648.txt,4
53649.txt,4
53650.txt,4
53651.txt,4
53652.txt,4
53653.txt,4
53654.txt,4
53655.txt,4
53656.txt,4
53657.txt,4
53658.txt,4
53659.txt,4
53660.txt,4
53661.txt,4
53662.txt,4
53663.txt,4
53664.txt,4
53665.txt,4
53666.txt,4
53667.txt,4
53668.txt,4
53669.txt,4
53670.txt,4
53671.txt,4
53672.txt,4
53673.txt,4
53674.txt,4
53675.txt,4
53676.txt,4
53677.txt,4
53678.txt,4
53679.txt,4
53680.txt,4
53681.txt,4
53682.txt,4
53683.txt,4
53684.txt,4
53685.txt,4
53686.txt,4
53687.txt,4
53688.txt,4
53689.txt,4
53690.txt,4
53691.txt,4
53692.txt,4
53693.txt,4
53694.txt,4
53695.txt,4
53696.txt,4
53697.txt,4
53698.txt,4
53699.txt,4
53700.txt,4
53701.txt,4
53702.txt,4
53703.txt,4
53704.txt,4
53705.txt,4
53706.txt,4
53707.txt,4
53708.txt,4
53709.txt,4
53710.txt,4
53711.txt,4
53712.txt,4
53713.txt,4
53714.txt,4
53715.txt,4
53716.txt,4
53717.txt,4
53718.txt,4
53719.txt,4
53720.txt,4
53721.txt,4
53722.txt,4
53724.txt,4
53725.txt,4
53726.txt,4
53727.txt,4
53728.txt,4
53729.txt,4
53730.txt,4
53731.txt,4
53732.txt,4
53733.txt,4
53734.txt,4
53735.txt,4
53736.txt,4
53737.txt,4
53738.txt,4
53739.txt,4
53740.txt,4
53741.txt,4
53742.txt,4
53743.txt,4
53744.txt,4
53745.txt,4
53746.txt,4
53747.txt,4
53748.txt,4
53749.txt,4
53750.txt,4
53751.txt,4
53752.txt,4
53753.txt,4
53754.txt,4
53755.txt,4
53756.txt,4
53757.txt,4
53758.txt,4
53759.txt,4
53760.txt,4
53761.txt,4
53762.txt,4
53763.txt,4
53764.txt,4
53765.txt,4
53766.txt,4
53767.txt,4
53768.txt,4
53769.txt,4
53770.txt,4
53771.txt,4
53772.txt,4
53773.txt,4
53774.txt,4
53775.txt,4
53776.txt,4
53777.txt,4
53778.txt,4
53779.txt,4
53780.txt,4
53781.txt,4
53782.txt,4
53783.txt,4
53784.txt,4
53785.txt,4
53786.txt,4
53787.txt,4
53788.txt,4
53789.txt,4
53790.txt,4
53791.txt,4
53792.txt,4
53793.txt,4
53794.txt,4
53795.txt,4
53796.txt,4
53797.txt,4
53798.txt,4
53799.txt,4
53800.txt,4
53801.txt,4
53802.txt,4
53803.txt,4
53804.txt,4
53805.txt,4
53806.txt,4
53807.txt,4
53808.txt,4
53809.txt,4
53810.txt,4
53811.txt,4
53812.txt,4
53813.txt,4
53814.txt,4
53815.txt,4
53816.txt,4
53817.txt,4
53818.txt,4
53819.txt,4
53820.txt,4
53821.txt,4
53822.txt,4
53823.txt,4
53824.txt,4
53825.txt,4
53826.txt,4
53827.txt,4
53828.txt,4
53829.txt,4
53830.txt,4
53831.txt,4
53832.txt,4
53833.txt,4
53834.txt,4
53835.txt,4
53836.txt,4
53837.txt,4
53838.txt,4
53839.txt,4
53840.txt,4
53841.txt,4
53842.txt,4
53843.txt,4
53844.txt,4
53845.txt,4
53846.txt,4
53847.txt,4
53848.txt,4
53849.txt,4
53850.txt,4
53851.txt,4
53852.txt,4
53853.txt,4
53854.txt,4
53855.txt,4
53856.txt,4
53857.txt,4
53858.txt,4
53859.txt,4
53860.txt,4
53861.txt,4
53862.txt,4
53863.txt,4
53864.txt,4
53865.txt,4
53866.txt,4
53867.txt,4
53868.txt,4
53869.txt,4
53870.txt,4
53871.txt,4
53872.txt,4
53873.txt,4
53874.txt,4
53875.txt,4
53876.txt,4
53877.txt,4
53878.txt,4
53881.txt,4
53882.txt,4
53883.txt,4
53885.txt,4
53887.txt,4
53888.txt,4
53889.txt,4
53891.txt,4
53892.txt,4
53893.txt,4
53894.txt,4
53895.txt,4
53896.txt,4
53897.txt,4
53899.txt,4
53903.txt,4
53904.txt,4
53905.txt,4
53906.txt,4
53907.txt,4
53908.txt,4
53909.txt,4
53910.txt,4
53911.txt,4
53912.txt,4
53913.txt,4
53914.txt,4
53915.txt,4
53916.txt,4
53917.txt,4
53918.txt,4
53919.txt,4
53920.txt,4
53921.txt,4
53922.txt,4
53926.txt,4
53927.txt,4
53928.txt,4
53929.txt,4
53930.txt,4
53931.txt,4
53932.txt,4
53933.txt,4
53956.txt,4
53959.txt,4
53960.txt,4
53961.txt,4
53962.txt,4
53963.txt,4
53964.txt,4
53965.txt,4
53966.txt,4
53967.txt,4
53968.txt,4
53969.txt,4
53970.txt,4
53971.txt,4
53972.txt,4
53973.txt,4
53974.txt,4
53975.txt,4
53976.txt,4
53977.txt,4
53978.txt,4
53979.txt,4
53980.txt,4
53981.txt,4
53982.txt,4
53983.txt,4
54055.txt,4
54056.txt,4
54057.txt,4
54058.txt,4
54070.txt,4
54071.txt,4
54076.txt,4
54079.txt,4
54080.txt,4
54094.txt,4
54113.txt,4
54117.txt,4
54118.txt,4
54122.txt,4
54123.txt,4
54124.txt,4
54134.txt,4
54158.txt,4
54164.txt,4
54165.txt,4
54180.txt,4
54181.txt,4
54182.txt,4
54183.txt,4
54184.txt,4
54185.txt,4
54192.txt,4
54193.txt,4
54194.txt,4
54195.txt,4
54196.txt,4
54197.txt,4
54198.txt,4
54199.txt,4
54200.txt,4
54218.txt,4
54219.txt,4
54220.txt,4
54221.txt,4
54222.txt,4
54223.txt,4
54241.txt,4
54242.txt,4
54252.txt,4
54253.txt,4
54254.txt,4
54360.txt,4
54361.txt,4
54554.txt,4
54555.txt,4
54556.txt,4
54723.txt,4
55022.txt,4
52434.txt,5
52446.txt,5
52464.txt,5
52717.txt,5
52718.txt,5
52719.txt,5
52721.txt,5
52722.txt,5
52723.txt,5
52724.txt,5
52725.txt,5
52726.txt,5
52727.txt,5
52728.txt,5
52729.txt,5
52730.txt,5
52731.txt,5
52732.txt,5
52733.txt,5
52734.txt,5
52735.txt,5
52736.txt,5
52737.txt,5
52738.txt,5
52739.txt,5
52740.txt,5
52742.txt,5
52743.txt,5
52744.txt,5
52745.txt,5
52746.txt,5
52747.txt,5
52748.txt,5
52749.txt,5
52750.txt,5
52751.txt,5
52752.txt,5
52753.txt,5
52754.txt,5
52755.txt,5
52756.txt,5
52757.txt,5
52758.txt,5
52759.txt,5
52760.txt,5
52761.txt,5
52762.txt,5
52763.txt,5
52764.txt,5
52765.txt,5
52766.txt,5
52767.txt,5
52768.txt,5
52769.txt,5
52770.txt,5
52771.txt,5
52772.txt,5
52773.txt,5
52774.txt,5
52775.txt,5
52776.txt,5
52777.txt,5
52778.txt,5
52779.txt,5
52780.txt,5
52781.txt,5
52782.txt,5
52783.txt,5
52784.txt,5
52785.txt,5
52786.txt,5
52787.txt,5
52788.txt,5
52789.txt,5
52790.txt,5
52791.txt,5
52792.txt,5
52793.txt,5
52794.txt,5
52795.txt,5
52796.txt,5
52797.txt,5
52798.txt,5
52799.txt,5
52800.txt,5
52801.txt,5
52802.txt,5
52804.txt,5
52805.txt,5
52806.txt,5
52807.txt,5
52808.txt,5
52809.txt,5
52810.txt,5
52811.txt,5
52812.txt,5
52813.txt,5
52814.txt,5
52815.txt,5
52816.txt,5
52817.txt,5
52818.txt,5
52819.txt,5
52820.txt,5
52821.txt,5
52822.txt,5
52823.txt,5
52824.txt,5
52825.txt,5
52826.txt,5
52827.txt,5
52828.txt,5
52829.txt,5
52830.txt,5
52831.txt,5
53128.txt,5
53502.txt,5
53503.txt,5
53504.txt,5
53505.txt,5
53506.txt,5
53507.txt,5
53508.txt,5
53511.txt,5
53513.txt,5
53514.txt,5
53516.txt,5
53517.txt,5
53520.txt,5
53723.txt,5
53879.txt,5
53880.txt,5
53884.txt,5
53886.txt,5
53890.txt,5
53898.txt,5
53900.txt,5
53901.txt,5
53902.txt,5
53923.txt,5
53924.txt,5
53925.txt,5
53934.txt,5
53935.txt,5
53936.txt,5
53937.txt,5
53938.txt,5
53939.txt,5
53940.txt,5
53941.txt,5
53942.txt,5
53943.txt,5
53944.txt,5
53945.txt,5
53946.txt,5
53947.txt,5
53948.txt,5
53949.txt,5
53950.txt,5
53951.txt,5
53952.txt,5
53953.txt,5
53954.txt,5
53955.txt,5
53957.txt,5
53958.txt,5
53985.txt,5
53987.txt,5
53996.txt,5
54026.txt,5
54092.txt,5
54152.txt,5
53068.txt,1
53257.txt,1
53260.txt,1
53261.txt,1
53262.txt,1
53265.txt,1
53272.txt,1
53276.txt,1
53277.txt,1
53278.txt,1
53279.txt,1
53280.txt,1
53293.txt,1
53294.txt,1
53297.txt,1
53302.txt,1
53313.txt,1
53315.txt,1
53316.txt,1
53317.txt,1
53319.txt,1
53320.txt,1
53321.txt,1
53322.txt,1
53324.txt,1
53325.txt,1
53326.txt,1
53327.txt,1
53328.txt,1
53329.txt,1
53331.txt,1
53332.txt,1
53333.txt,1
53335.txt,1
53337.txt,1
53338.txt,1
53339.txt,1
53340.txt,1
53342.txt,1
53343.txt,1
53344.txt,1
53346.txt,1
53349.txt,1
53350.txt,1
53353.txt,1
53355.txt,1
53356.txt,1
53357.txt,1
53358.txt,1
53359.txt,1
53361.txt,1
53362.txt,1
53363.txt,1
53364.txt,1
53365.txt,1
53393.txt,1
53394.txt,1
53396.txt,1
53397.txt,1
53398.txt,1
53399.txt,1
53400.txt,1
53401.txt,1
53402.txt,1
53403.txt,1
53404.txt,1
53405.txt,1
53406.txt,1
53408.txt,1
53409.txt,1
53410.txt,1
53411.txt,1
53412.txt,1
53413.txt,1
53414.txt,1
53415.txt,1
53416.txt,1
53417.txt,1
53420.txt,1
53421.txt,1
53423.txt,1
53424.txt,1
53425.txt,1
53426.txt,1
53427.txt,1
53428.txt,1
53429.txt,1
53430.txt,1
53431.txt,1
53446.txt,1
53447.txt,1
53448.txt,1
53454.txt,1
53455.txt,1
53456.txt,1
53457.txt,1
53458.txt,1
53462.txt,1
53463.txt,1
53464.txt,1
53469.txt,1
53472.txt,1
53473.txt,1
53474.txt,1
53475.txt,1
53476.txt,1
53479.txt,1
53482.txt,1
53486.txt,1
53487.txt,1
53488.txt,1
53489.txt,1
53491.txt,1
53492.txt,1
53493.txt,1
53495.txt,1
53496.txt,1
53497.txt,1
53498.txt,1
53499.txt,1
53500.txt,1
53501.txt,1
54125.txt,1
54126.txt,1
54127.txt,1
54128.txt,1
54129.txt,1
54131.txt,1
54133.txt,1
54135.txt,1
54136.txt,1
54137.txt,1
54138.txt,1
54139.txt,1
54141.txt,1
54142.txt,1
54143.txt,1
54144.txt,1
54160.txt,1
54163.txt,1
54170.txt,1
54171.txt,1
54172.txt,1
54173.txt,1
54174.txt,1
54175.txt,1
54176.txt,1
54186.txt,1
54187.txt,1
54188.txt,1
54189.txt,1
54190.txt,1
54191.txt,1
54215.txt,1
54216.txt,1
54217.txt,1
54224.txt,1
54225.txt,1
54226.txt,1
54231.txt,1
54233.txt,1
54234.txt,1
54235.txt,1
54236.txt,1
54237.txt,1
54238.txt,1
54239.txt,1
54240.txt,1
54243.txt,1
54244.txt,1
54245.txt,1
54246.txt,1
54247.txt,1
54248.txt,1
54249.txt,1
54250.txt,1
54251.txt,1
54255.txt,1
54256.txt,1
54257.txt,1
54258.txt,1
54259.txt,1
54260.txt,1
54261.txt,1
54262.txt,1
54468.txt,1
54481.txt,1
54564.txt,1
104631.txt,2
104638.txt,2
104657.txt,2
104659.txt,2
104660.txt,2
104670.txt,2
104671.txt,2
104672.txt,2
104673.txt,2
104674.txt,2
104675.txt,2
104676.txt,2
104677.txt,2
104678.txt,2
104679.txt,2
104680.txt,2
104681.txt,2
104682.txt,2
104683.txt,2
104684.txt,2
104685.txt,2
104686.txt,2
104687.txt,2
104688.txt,2
104689.txt,2
104690.txt,2
104691.txt,2
104692.txt,2
104693.txt,2
104694.txt,2
104695.txt,2
104697.txt,2
104698.txt,2
104699.txt,2
104700.txt,2
104701.txt,2
104702.txt,2
104703.txt,2
104704.txt,2
104731.txt,2
104732.txt,2
104733.txt,2
104734.txt,2
104735.txt,2
104736.txt,2
104737.txt,2
104738.txt,2
104739.txt,2
104740.txt,2
104741.txt,2
104742.txt,2
104743.txt,2
104744.txt,2
104745.txt,2
104746.txt,2
104747.txt,2
104748.txt,2
104749.txt,2
104750.txt,2
104751.txt,2
104752.txt,2
104753.txt,2
104754.txt,2
104755.txt,2
104756.txt,2
104757.txt,2
104758.txt,2
104759.txt,2
104760.txt,2
104762.txt,2
104763.txt,2
104764.txt,2
104765.txt,2
104766.txt,2
104767.txt,2
104768.txt,2
104769.txt,2
104770.txt,2
104771.txt,2
104772.txt,2
104773.txt,2
104777.txt,2
104778.txt,2
104779.txt,2
104780.txt,2
104781.txt,2
104782.txt,2
104783.txt,2
104784.txt,2
104785.txt,2
104786.txt,2
104799.txt,2
104800.txt,2
104801.txt,2
104802.txt,2
104807.txt,2
104808.txt,2
104809.txt,2
104810.txt,2
104811.txt,2
104812.txt,2
104813.txt,2
104815.txt,2
104816.txt,2
104817.txt,2
104818.txt,2
104819.txt,2
104820.txt,2
104821.txt,2
104822.txt,2
104823.txt,2
104824.txt,2
104825.txt,2
104826.txt,2
104827.txt,2
104828.txt,2
104829.txt,2
104830.txt,2
104831.txt,2
104832.txt,2
104833.txt,2
104834.txt,2
104835.txt,2
104836.txt,2
104837.txt,2
104838.txt,2
104839.txt,2
104840.txt,2
104842.txt,2
104843.txt,2
104844.txt,2
104845.txt,2
104846.txt,2
104847.txt,2
104848.txt,2
104849.txt,2
104850.txt,2
104853.txt,2
104854.txt,2
104855.txt,2
104856.txt,2
104857.txt,2
104858.txt,2
104859.txt,2
104860.txt,2
104861.txt,2
104862.txt,2
104863.txt,2
104864.txt,2
104865.txt,2
104866.txt,2
104867.txt,2
104868.txt,2
104869.txt,2
104870.txt,2
104871.txt,2
104872.txt,2
104873.txt,2
104874.txt,2
104875.txt,2
104876.txt,2
104877.txt,2
104880.txt,2
104881.txt,2
104882.txt,2
104883.txt,2
104884.txt,2
104885.txt,2
104886.txt,2
104887.txt,2
104888.txt,2
104889.txt,2
104890.txt,2
104891.txt,2
104892.txt,2
104893.txt,2
104894.txt,2
104895.txt,2
104896.txt,2
104897.txt,2
104899.txt,2
104900.txt,2
104910.txt,2
104911.txt,2
104912.txt,2
104913.txt,2
104914.txt,2
104915.txt,2
104916.txt,2
104917.txt,2
104918.txt,2
104919.txt,2
104920.txt,2
104921.txt,2
104922.txt,2
104926.txt,2
104927.txt,2
104932.txt,2
104948.txt,2
104949.txt,2
104950.txt,2
104951.txt,2
104952.txt,2
104953.txt,2
104954.txt,2
104955.txt,2
104964.txt,2
104965.txt,2
104966.txt,2
104967.txt,2
104968.txt,2
104969.txt,2
104970.txt,2
104971.txt,2
104972.txt,2
104973.txt,2
104974.txt,2
104975.txt,2
104976.txt,2
104978.txt,2
104979.txt,2
104980.txt,2
104981.txt,2
104982.txt,2
104983.txt,2
104984.txt,2
104985.txt,2
104987.txt,2
104988.txt,2
104989.txt,2
104990.txt,2
104991.txt,2
104999.txt,2
105000.txt,2
105001.txt,2
105002.txt,2
105008.txt,2
105009.txt,2
105010.txt,2
105011.txt,2
105012.txt,2
105022.txt,2
105023.txt,2
105039.txt,2
105043.txt,2
105044.txt,2
105045.txt,2
105046.txt,2
105047.txt,2
105048.txt,2
105049.txt,2
105050.txt,2
105051.txt,2
105053.txt,2
105054.txt,2
105060.txt,2
105061.txt,2
105062.txt,2
105063.txt,2
105066.txt,2
105067.txt,2
105069.txt,2
105078.txt,2
105079.txt,2
105098.txt,2
105099.txt,2
105100.txt,2
105101.txt,2
105102.txt,2
105103.txt,2
105104.txt,2
105105.txt,2
105106.txt,2
105107.txt,2
105108.txt,2
105109.txt,2
105110.txt,2
105111.txt,2
105112.txt,2
105113.txt,2
105114.txt,2
105115.txt,2
105116.txt,2
105117.txt,2
105118.txt,2
105119.txt,2
105120.txt,2
105121.txt,2
105122.txt,2
105123.txt,2
105124.txt,2
105125.txt,2
105126.txt,2
105127.txt,2
105128.txt,2
105129.txt,2
105130.txt,2
105132.txt,2
105133.txt,2
105134.txt,2
105135.txt,2
105136.txt,2
105137.txt,2
105138.txt,2
105139.txt,2
105140.txt,2
105141.txt,2
105142.txt,2
105143.txt,2
105144.txt,2
105145.txt,2
105146.txt,2
105147.txt,2
105148.txt,2
105149.txt,2
105150.txt,2
105151.txt,2
105152.txt,2
105153.txt,2
105154.txt,2
105155.txt,2
105156.txt,2
105157.txt,2
105158.txt,2
105159.txt,2
105160.txt,2
105161.txt,2
105162.txt,2
105202.txt,2
105203.txt,2
105204.txt,2
105205.txt,2
105206.txt,2
105207.txt,2
105208.txt,2
105209.txt,2
105210.txt,2
105211.txt,2
105212.txt,2
105213.txt,2
105214.txt,2
105215.txt,2
105216.txt,2
105217.txt,2
105218.txt,2
105219.txt,2
105220.txt,2
105221.txt,2
105222.txt,2
105223.txt,2
105224.txt,2
105225.txt,2
105226.txt,2
105227.txt,2
105228.txt,2
105229.txt,2
105230.txt,2
105231.txt,2
105232.txt,2
105233.txt,2
105234.txt,2
105235.txt,2
105236.txt,2
105237.txt,2
105238.txt,2
105239.txt,2
105240.txt,2
105241.txt,2
105242.txt,2
105243.txt,2
105244.txt,2
105245.txt,2
105246.txt,2
105247.txt,2
105248.txt,2
105249.txt,2
105250.txt,2
105251.txt,2
105252.txt,2
105253.txt,2
105254.txt,2
105255.txt,2
105256.txt,2
105257.txt,2
105258.txt,2
105259.txt,2
105260.txt,2
105261.txt,2
105262.txt,2
105263.txt,2
105380.txt,2
105517.txt,2
105558.txt,2
105559.txt,2
105560.txt,2
105561.txt,2
105563.txt,2
105564.txt,2
76115.txt,3
76117.txt,3
76119.txt,3
76120.txt,3
76121.txt,3
76122.txt,3
76123.txt,3
76124.txt,3
76125.txt,3
76126.txt,3
76128.txt,3
76159.txt,3
76184.txt,3
76188.txt,3
76189.txt,3
76191.txt,3
76195.txt,3
76196.txt,3
76197.txt,3
76198.txt,3
76199.txt,3
76200.txt,3
76201.txt,3
76202.txt,3
76203.txt,3
76206.txt,3
76207.txt,3
76208.txt,3
76215.txt,3
76230.txt,3
76231.txt,3
76232.txt,3
76233.txt,3
76234.txt,3
76236.txt,3
76238.txt,3
76239.txt,3
76240.txt,3
76241.txt,3
76242.txt,3
76243.txt,3
76244.txt,3
76245.txt,3
76246.txt,3
76247.txt,3
76248.txt,3
76249.txt,3
76250.txt,3
76251.txt,3
76252.txt,3
76254.txt,3
76255.txt,3
76256.txt,3
76257.txt,3
76258.txt,3
76259.txt,3
76260.txt,3
76261.txt,3
76262.txt,3
76263.txt,3
76267.txt,3
76269.txt,3
76272.txt,3
76273.txt,3
76274.txt,3
76275.txt,3
76276.txt,3
76278.txt,3
76279.txt,3
76297.txt,3
76301.txt,3
76302.txt,3
76303.txt,3
76304.txt,3
76306.txt,3
76307.txt,3
76308.txt,3
76309.txt,3
76310.txt,3
76311.txt,3
76312.txt,3
76313.txt,3
76314.txt,3
76318.txt,3
76320.txt,3
76321.txt,3
76322.txt,3
76323.txt,3
76324.txt,3
76325.txt,3
76326.txt,3
76327.txt,3
76332.txt,3
76334.txt,3
76339.txt,3
76340.txt,3
76341.txt,3
76342.txt,3
76343.txt,3
76344.txt,3
76345.txt,3
76350.txt,3
76351.txt,3
76352.txt,3
76354.txt,3
76357.txt,3
76358.txt,3
76359.txt,3
76360.txt,3
76361.txt,3
76362.txt,3
76363.txt,3
76364.txt,3
76379.txt,3
76380.txt,3
76381.txt,3
76382.txt,3
76397.txt,3
76405.txt,3
76414.txt,3
76418.txt,3
76419.txt,3
76420.txt,3
76421.txt,3
76422.txt,3
76423.txt,3
76424.txt,3
76425.txt,3
76426.txt,3
76427.txt,3
76428.txt,3
76429.txt,3
76430.txt,3
76438.txt,3
76439.txt,3
76441.txt,3
76442.txt,3
76443.txt,3
76445.txt,3
76447.txt,3
76448.txt,3
76449.txt,3
76450.txt,3
76451.txt,3
76452.txt,3
76453.txt,3
76454.txt,3
76455.txt,3
76456.txt,3
76457.txt,3
76458.txt,3
76459.txt,3
76463.txt,3
76464.txt,3
76465.txt,3
76466.txt,3
76467.txt,3
76468.txt,3
76470.txt,3
76472.txt,3
76473.txt,3
76475.txt,3
76476.txt,3
76477.txt,3
76478.txt,3
76481.txt,3
76482.txt,3
76487.txt,3
76489.txt,3
76493.txt,3
76494.txt,3
76498.txt,3
76500.txt,3
76501.txt,3
76502.txt,3
76503.txt,3
76504.txt,3
76510.txt,3
76522.txt,3
76527.txt,3
76528.txt,3
76537.txt,3
76538.txt,3
76545.txt,3
76549.txt,3
76551.txt,3
76553.txt,3
76554.txt,3
76555.txt,3
76556.txt,3
76557.txt,3
76558.txt,3
76559.txt,3
76560.txt,3
76561.txt,3
76563.txt,3
76564.txt,3
76565.txt,3
76566.txt,3
76567.txt,3
76568.txt,3
76569.txt,3
76570.txt,3
76571.txt,3
76572.txt,3
76573.txt,3
76577.txt,3
76578.txt,3
76581.txt,3
76582.txt,3
76583.txt,3
76584.txt,3
76585.txt,3
76586.txt,3
76587.txt,3
76588.txt,3
76589.txt,3
76590.txt,3
76591.txt,3
76592.txt,3
76593.txt,3
76594.txt,3
76595.txt,3
76597.txt,3
76598.txt,3
76599.txt,3
76600.txt,3
76601.txt,3
76602.txt,3
76605.txt,3
76606.txt,3
76607.txt,3
76608.txt,3
76624.txt,3
76638.txt,3
76639.txt,3
76640.txt,3
76644.txt,3
76645.txt,3
76647.txt,3
76648.txt,3
76649.txt,3
76650.txt,3
76651.txt,3
76652.txt,3
76653.txt,3
76654.txt,3
76655.txt,3
76656.txt,3
76657.txt,3
76659.txt,3
76660.txt,3
76661.txt,3
76662.txt,3
76663.txt,3
76664.txt,3
76665.txt,3
76666.txt,3
76667.txt,3
76668.txt,3
76669.txt,3
76670.txt,3
76671.txt,3
76672.txt,3
76673.txt,3
76674.txt,3
76676.txt,3
76677.txt,3
76678.txt,3
76679.txt,3
76680.txt,3
76681.txt,3
76682.txt,3
76683.txt,3
76684.txt,3
76685.txt,3
76686.txt,3
76691.txt,3
76704.txt,3
76744.txt,3
76754.txt,3
76755.txt,3
76756.txt,3
76757.txt,3
76777.txt,3
76779.txt,3
76780.txt,3
76781.txt,3
76782.txt,3
76783.txt,3
76785.txt,3
76786.txt,3
76787.txt,3
76788.txt,3
76792.txt,3
76793.txt,3
76794.txt,3
76795.txt,3
76796.txt,3
76797.txt,3
76800.txt,3
76801.txt,3
76802.txt,3
76803.txt,3
76804.txt,3
76805.txt,3
76806.txt,3
76807.txt,3
76808.txt,3
76809.txt,3
76810.txt,3
76811.txt,3
76812.txt,3
76813.txt,3
76814.txt,3
76815.txt,3
76816.txt,3
76817.txt,3
76818.txt,3
76819.txt,3
76820.txt,3
76821.txt,3
76822.txt,3
76823.txt,3
76824.txt,3
76825.txt,3
76826.txt,3
76827.txt,3
76828.txt,3
76829.txt,3
76830.txt,3
76831.txt,3
76832.txt,3
76833.txt,3
76834.txt,3
76835.txt,3
76836.txt,3
76837.txt,3
76838.txt,3
76839.txt,3
76840.txt,3
76841.txt,3
76842.txt,3
76843.txt,3
76844.txt,3
76845.txt,3
76846.txt,3
76847.txt,3
76848.txt,3
76849.txt,3
76850.txt,3
76851.txt,3
76852.txt,3
76853.txt,3
76854.txt,3
76855.txt,3
76856.txt,3
76857.txt,3
76858.txt,3
76859.txt,3
76860.txt,3
76861.txt,3
76862.txt,3
76863.txt,3
76864.txt,3
76865.txt,3
76866.txt,3
76867.txt,3
76868.txt,3
76869.txt,3
76878.txt,3
76879.txt,3
76880.txt,3
76881.txt,3
76882.txt,3
76901.txt,3
76902.txt,3
76918.txt,3
76927.txt,3
76935.txt,3
76936.txt,3
76937.txt,3
76938.txt,3
76940.txt,3
76941.txt,3
76942.txt,3
76943.txt,3
76944.txt,3
76945.txt,3
77014.txt,3
53984.txt,4
53986.txt,4
53988.txt,4
53989.txt,4
53990.txt,4
53991.txt,4
53992.txt,4
53993.txt,4
53994.txt,4
53995.txt,4
53997.txt,4
53998.txt,4
53999.txt,4
54000.txt,4
54001.txt,4
54002.txt,4
54003.txt,4
54004.txt,4
54005.txt,4
54006.txt,4
54007.txt,4
54008.txt,4
54009.txt,4
54010.txt,4
54011.txt,4
54012.txt,4
54013.txt,4
54014.txt,4
54015.txt,4
54016.txt,4
54017.txt,4
54018.txt,4
54019.txt,4
54020.txt,4
54021.txt,4
54022.txt,4
54023.txt,4
54024.txt,4
54025.txt,4
54027.txt,4
54028.txt,4
54029.txt,4
54030.txt,4
54031.txt,4
54032.txt,4
54033.txt,4
54034.txt,4
54035.txt,4
54036.txt,4
54037.txt,4
54038.txt,4
54039.txt,4
54040.txt,4
54041.txt,4
54042.txt,4
54043.txt,4
54044.txt,4
54045.txt,4
54046.txt,4
54047.txt,4
54048.txt,4
54049.txt,4
54050.txt,4
54051.txt,4
54052.txt,4
54053.txt,4
54054.txt,4
54059.txt,4
54060.txt,4
54061.txt,4
54062.txt,4
54063.txt,4
54064.txt,4
54065.txt,4
54066.txt,4
54067.txt,4
54068.txt,4
54069.txt,4
54072.txt,4
54073.txt,4
54074.txt,4
54075.txt,4
54077.txt,4
54078.txt,4
54081.txt,4
54082.txt,4
54083.txt,4
54084.txt,4
54085.txt,4
54086.txt,4
54087.txt,4
54088.txt,4
54089.txt,4
54090.txt,4
54091.txt,4
54093.txt,4
54095.txt,4
54096.txt,4
54097.txt,4
54098.txt,4
54099.txt,4
54100.txt,4
54101.txt,4
54102.txt,4
54103.txt,4
54104.txt,4
54105.txt,4
54106.txt,4
54107.txt,4
54108.txt,4
54109.txt,4
54110.txt,4
54111.txt,4
54112.txt,4
54114.txt,4
54115.txt,4
54116.txt,4
54119.txt,4
54120.txt,4
54121.txt,4
54130.txt,4
54132.txt,4
54159.txt,4
54161.txt,4
54162.txt,4
54169.txt,4
54177.txt,4
54205.txt,4
54206.txt,4
54207.txt,4
54208.txt,4
54229.txt,4
54230.txt,4
54232.txt,4
54263.txt,4
54264.txt,4
54272.txt,4
54273.txt,4
54274.txt,4
54275.txt,4
54283.txt,4
54284.txt,4
54285.txt,4
54286.txt,4
54287.txt,4
54288.txt,4
54289.txt,4
54290.txt,4
54291.txt,4
54292.txt,4
54293.txt,4
54294.txt,4
54295.txt,4
54296.txt,4
54297.txt,4
54298.txt,4
54299.txt,4
54300.txt,4
54301.txt,4
54302.txt,4
54303.txt,4
54304.txt,4
54305.txt,4
54306.txt,4
54307.txt,4
54308.txt,4
54309.txt,4
54358.txt,4
54359.txt,4
54364.txt,4
54365.txt,4
54366.txt,4
54367.txt,4
54478.txt,4
54479.txt,4
54507.txt,4
54508.txt,4
54509.txt,4
54510.txt,4
54511.txt,4
54512.txt,4
54513.txt,4
54514.txt,4
54515.txt,4
54516.txt,4
54517.txt,4
54518.txt,4
54519.txt,4
54520.txt,4
54521.txt,4
54522.txt,4
54523.txt,4
54524.txt,4
54525.txt,4
54526.txt,4
54527.txt,4
54528.txt,4
54529.txt,4
54530.txt,4
54531.txt,4
54532.txt,4
54533.txt,4
54534.txt,4
54535.txt,4
54536.txt,4
54537.txt,4
54538.txt,4
54539.txt,4
54540.txt,4
54541.txt,4
54542.txt,4
54543.txt,4
54544.txt,4
54545.txt,4
54546.txt,4
54547.txt,4
54548.txt,4
54549.txt,4
54550.txt,4
54551.txt,4
54552.txt,4
54553.txt,4
54557.txt,4
54562.txt,4
54563.txt,4
54704.txt,4
54705.txt,4
54706.txt,4
54707.txt,4
54708.txt,4
54709.txt,4
54710.txt,4
54711.txt,4
54712.txt,4
54714.txt,4
54715.txt,4
54716.txt,4
54717.txt,4
54718.txt,4
54719.txt,4
54720.txt,4
54721.txt,4
54722.txt,4
54724.txt,4
54725.txt,4
54726.txt,4
54727.txt,4
54728.txt,4
54729.txt,4
54730.txt,4
54731.txt,4
54732.txt,4
54733.txt,4
54734.txt,4
54735.txt,4
54736.txt,4
54737.txt,4
54738.txt,4
54739.txt,4
54740.txt,4
54741.txt,4
54742.txt,4
54743.txt,4
54744.txt,4
54745.txt,4
54746.txt,4
54747.txt,4
54748.txt,4
54749.txt,4
54750.txt,4
54751.txt,4
54752.txt,4
54753.txt,4
54754.txt,4
54755.txt,4
54756.txt,4
54757.txt,4
54758.txt,4
54759.txt,4
54760.txt,4
54761.txt,4
54762.txt,4
54763.txt,4
54764.txt,4
54765.txt,4
54766.txt,4
54767.txt,4
54768.txt,4
54769.txt,4
54770.txt,4
54771.txt,4
54772.txt,4
54773.txt,4
54774.txt,4
54775.txt,4
54776.txt,4
54777.txt,4
54778.txt,4
54779.txt,4
54780.txt,4
54896.txt,4
54897.txt,4
54900.txt,4
54140.txt,5
54145.txt,5
54146.txt,5
54147.txt,5
54148.txt,5
54149.txt,5
54150.txt,5
54151.txt,5
54153.txt,5
54154.txt,5
54155.txt,5
54156.txt,5
54157.txt,5
54209.txt,5
54210.txt,5
54211.txt,5
54212.txt,5
54213.txt,5
54214.txt,5
54265.txt,5
54266.txt,5
54267.txt,5
54268.txt,5
54269.txt,5
54270.txt,5
54271.txt,5
54276.txt,5
54277.txt,5
54278.txt,5
54279.txt,5
54280.txt,5
54281.txt,5
54282.txt,5
54310.txt,5
54311.txt,5
54312.txt,5
54313.txt,5
54314.txt,5
54315.txt,5
54316.txt,5
54317.txt,5
54318.txt,5
54319.txt,5
54320.txt,5
54321.txt,5
54322.txt,5
54323.txt,5
54324.txt,5
54325.txt,5
54326.txt,5
54327.txt,5
54328.txt,5
54329.txt,5
54330.txt,5
54331.txt,5
54332.txt,5
54333.txt,5
54334.txt,5
54335.txt,5
54336.txt,5
54337.txt,5
54338.txt,5
54339.txt,5
54340.txt,5
54341.txt,5
54342.txt,5
54343.txt,5
54344.txt,5
54345.txt,5
54346.txt,5
54347.txt,5
54348.txt,5
54349.txt,5
54350.txt,5
54351.txt,5
54352.txt,5
54353.txt,5
54474.txt,5
54477.txt,5
54480.txt,5
54482.txt,5
54483.txt,5
54484.txt,5
54485.txt,5
54486.txt,5
54487.txt,5
54488.txt,5
54489.txt,5
54490.txt,5
54491.txt,5
54492.txt,5
54493.txt,5
54494.txt,5
54495.txt,5
54496.txt,5
54497.txt,5
54498.txt,5
54499.txt,5
54500.txt,5
54501.txt,5
54502.txt,5
54503.txt,5
